Workbook

Sheet 2025.08
B1: 作業報告書
B2: 45870
G3: 会社名
G4: 氏 名 | H4: 趙思凱
D5: 時間は、コロン（:）を使用してご記入ください。
B6: 年月日 | C6: 曜 | D6: 開始時間 | E6: 終了時間 | F6: 休憩時間 | G6: 実働時間 | H6: 備考
B7: =B2 -> 45870 | C7: =VLOOKUP(I7,計算用!E:F,2) -> 金 | D7: =IF(ISBLANK(E7),"",TIME(9,0,0)) | F7: =IF(E7="","",IF(E7>TIME(13,0,0),"1:00",IF(E7<TIME(12,0,0),"0:00",TEXT(E7-TIME(12,0,0),"h:mm")))) | G7: =IF(D7="","",E7-D7-F7) | H7: =IF(B7="","",IF(E7=TIME(16,0,0),"在宅",IF(WEEKDAY(B7,2)>=6,"休日",IF(D7<>"",IF(K7=1,"平常出勤","平常出勤"),IF(K7=1,"欠勤","祝日"))))) -> 欠勤 | I7: =WEEKDAY(B7,2) -> 5 | J7: =IFERROR(VLOOKUP(B7,計算用!A:B,2,FALSE),"") | K7: =IF(OR(I7=6,I7=7,J7<>""),"",1) -> 1 | L7: =IF(H7="平常出勤",1,"")
B8: =B7+1 -> 45871 | C8: =VLOOKUP(I8,計算用!E:F,2) -> 土 | D8: =IF(ISBLANK(E8),"",TIME(9,0,0)) | F8: =IF(E8="","",IF(E8>TIME(13,0,0),"1:00",IF(E8<TIME(12,0,0),"0:00",TEXT(E8-TIME(12,0,0),"h:mm")))) | G8: =IF(D8="","",E8-D8-F8) | H8: =IF(B8="","",IF(E8=TIME(16,0,0),"在宅",IF(WEEKDAY(B8,2)>=6,"休日",IF(D8<>"",IF(K8=1,"平常出勤","平常出勤"),IF(K8=1,"欠勤","祝日"))))) -> 休日 | I8: =WEEKDAY(B8,2) -> 6 | J8: =IFERROR(VLOOKUP(B8,計算用!A:B,2,FALSE),"") | K8: =IF(OR(I8=6,I8=7,J8<>""),"",1) | L8: =IF(H8="平常出勤",1,"")
B9: =B8+1 -> 45872 | C9: =VLOOKUP(I9,計算用!E:F,2) -> 日 | D9: =IF(ISBLANK(E9),"",TIME(9,0,0)) | F9: =IF(E9="","",IF(E9>TIME(13,0,0),"1:00",IF(E9<TIME(12,0,0),"0:00",TEXT(E9-TIME(12,0,0),"h:mm")))) | G9: =IF(D9="","",E9-D9-F9) | H9: =IF(B9="","",IF(E9=TIME(16,0,0),"在宅",IF(WEEKDAY(B9,2)>=6,"休日",IF(D9<>"",IF(K9=1,"平常出勤","平常出勤"),IF(K9=1,"欠勤","祝日"))))) -> 休日 | I9: =WEEKDAY(B9,2) -> 7 | J9: =IFERROR(VLOOKUP(B9,計算用!A:B,2,FALSE),"") | K9: =IF(OR(I9=6,I9=7,J9<>""),"",1) | L9: =IF(H9="平常出勤",1,"")
B10: =B9+1 -> 45873 | C10: =VLOOKUP(I10,計算用!E:F,2) -> 月 | D10: =IF(ISBLANK(E10),"",TIME(9,0,0)) | F10: =IF(E10="","",IF(E10>TIME(13,0,0),"1:00",IF(E10<TIME(12,0,0),"0:00",TEXT(E10-TIME(12,0,0),"h:mm")))) | G10: =IF(D10="","",E10-D10-F10) | H10: =IF(B10="","",IF(E10=TIME(16,0,0),"在宅",IF(WEEKDAY(B10,2)>=6,"休日",IF(D10<>"",IF(K10=1,"平常出勤","平常出勤"),IF(K10=1,"欠勤","祝日"))))) -> 欠勤 | I10: =WEEKDAY(B10,2) -> 1 | J10: =IFERROR(VLOOKUP(B10,計算用!A:B,2,FALSE),"") | K10: =IF(OR(I10=6,I10=7,J10<>""),"",1) -> 1 | L10: =IF(H10="平常出勤",1,"")
B11: =B10+1 -> 45874 | C11: =VLOOKUP(I11,計算用!E:F,2) -> 火 | D11: =IF(ISBLANK(E11),"",TIME(9,0,0)) | F11: =IF(E11="","",IF(E11>TIME(13,0,0),"1:00",IF(E11<TIME(12,0,0),"0:00",TEXT(E11-TIME(12,0,0),"h:mm")))) | G11: =IF(D11="","",E11-D11-F11) | H11: =IF(B11="","",IF(E11=TIME(16,0,0),"在宅",IF(WEEKDAY(B11,2)>=6,"休日",IF(D11<>"",IF(K11=1,"平常出勤","平常出勤"),IF(K11=1,"欠勤","祝日"))))) -> 欠勤 | I11: =WEEKDAY(B11,2) -> 2 | J11: =IFERROR(VLOOKUP(B11,計算用!A:B,2,FALSE),"") | K11: =IF(OR(I11=6,I11=7,J11<>""),"",1) -> 1 | L11: =IF(H11="平常出勤",1,"")
B12: =B11+1 -> 45875 | C12: =VLOOKUP(I12,計算用!E:F,2) -> 水 | D12: =IF(ISBLANK(E12),"",TIME(9,0,0)) | F12: =IF(E12="","",IF(E12>TIME(13,0,0),"1:00",IF(E12<TIME(12,0,0),"0:00",TEXT(E12-TIME(12,0,0),"h:mm")))) | G12: =IF(D12="","",E12-D12-F12) | H12: =IF(B12="","",IF(E12=TIME(16,0,0),"在宅",IF(WEEKDAY(B12,2)>=6,"休日",IF(D12<>"",IF(K12=1,"平常出勤","平常出勤"),IF(K12=1,"欠勤","祝日"))))) -> 欠勤 | I12: =WEEKDAY(B12,2) -> 3 | J12: =IFERROR(VLOOKUP(B12,計算用!A:B,2,FALSE),"") | K12: =IF(OR(I12=6,I12=7,J12<>""),"",1) -> 1 | L12: =IF(H12="平常出勤",1,"")
B13: =B12+1 -> 45876 | C13: =VLOOKUP(I13,計算用!E:F,2) -> 木 | D13: =IF(ISBLANK(E13),"",TIME(9,0,0)) | F13: =IF(E13="","",IF(E13>TIME(13,0,0),"1:00",IF(E13<TIME(12,0,0),"0:00",TEXT(E13-TIME(12,0,0),"h:mm")))) | G13: =IF(D13="","",E13-D13-F13) | H13: =IF(B13="","",IF(E13=TIME(16,0,0),"在宅",IF(WEEKDAY(B13,2)>=6,"休日",IF(D13<>"",IF(K13=1,"平常出勤","平常出勤"),IF(K13=1,"欠勤","祝日"))))) -> 欠勤 | I13: =WEEKDAY(B13,2) -> 4 | J13: =IFERROR(VLOOKUP(B13,計算用!A:B,2,FALSE),"") | K13: =IF(OR(I13=6,I13=7,J13<>""),"",1) -> 1 | L13: =IF(H13="平常出勤",1,"")
B14: =B13+1 -> 45877 | C14: =VLOOKUP(I14,計算用!E:F,2) -> 金 | D14: =IF(ISBLANK(E14),"",TIME(9,0,0)) | F14: =IF(E14="","",IF(E14>TIME(13,0,0),"1:00",IF(E14<TIME(12,0,0),"0:00",TEXT(E14-TIME(12,0,0),"h:mm")))) | G14: =IF(D14="","",E14-D14-F14) | H14: =IF(B14="","",IF(E14=TIME(16,0,0),"在宅",IF(WEEKDAY(B14,2)>=6,"休日",IF(D14<>"",IF(K14=1,"平常出勤","平常出勤"),IF(K14=1,"欠勤","祝日"))))) -> 欠勤 | I14: =WEEKDAY(B14,2) -> 5 | J14: =IFERROR(VLOOKUP(B14,計算用!A:B,2,FALSE),"") | K14: =IF(OR(I14=6,I14=7,J14<>""),"",1) -> 1 | L14: =IF(H14="平常出勤",1,"")
B15: =B14+1 -> 45878 | C15: =VLOOKUP(I15,計算用!E:F,2) -> 土 | F15: =IF(E15="","",IF(E15>TIME(13,0,0),"1:00",IF(E15<TIME(12,0,0),"0:00",TEXT(E15-TIME(12,0,0),"h:mm")))) | G15: =IF(D15="","",E15-D15-F15) | H15: =IF(B15="","",IF(E15=TIME(16,0,0),"在宅",IF(WEEKDAY(B15,2)>=6,"休日",IF(D15<>"",IF(K15=1,"平常出勤","平常出勤"),IF(K15=1,"欠勤","祝日"))))) -> 休日 | I15: =WEEKDAY(B15,2) -> 6 | J15: =IFERROR(VLOOKUP(B15,計算用!A:B,2,FALSE),"") | K15: =IF(OR(I15=6,I15=7,J15<>""),"",1) | L15: =IF(H15="平常出勤",1,"")
B16: =B15+1 -> 45879 | C16: =VLOOKUP(I16,計算用!E:F,2) -> 日 | D16: =IF(ISBLANK(E16),"",TIME(9,0,0)) | F16: =IF(E16="","",IF(E16>TIME(13,0,0),"1:00",IF(E16<TIME(12,0,0),"0:00",TEXT(E16-TIME(12,0,0),"h:mm")))) | G16: =IF(D16="","",E16-D16-F16) | H16: =IF(B16="","",IF(E16=TIME(16,0,0),"在宅",IF(WEEKDAY(B16,2)>=6,"休日",IF(D16<>"",IF(K16=1,"平常出勤","平常出勤"),IF(K16=1,"欠勤","祝日"))))) -> 休日 | I16: =WEEKDAY(B16,2) -> 7 | J16: =IFERROR(VLOOKUP(B16,計算用!A:B,2,FALSE),"") | K16: =IF(OR(I16=6,I16=7,J16<>""),"",1) | L16: =IF(H16="平常出勤",1,"")
B17: =B16+1 -> 45880 | C17: =VLOOKUP(I17,計算用!E:F,2) -> 月 | D17: =IF(ISBLANK(E17),"",TIME(9,0,0)) | F17: =IF(E17="","",IF(E17>TIME(13,0,0),"1:00",IF(E17<TIME(12,0,0),"0:00",TEXT(E17-TIME(12,0,0),"h:mm")))) | G17: =IF(D17="","",E17-D17-F17) | H17: =IF(B17="","",IF(E17=TIME(16,0,0),"在宅",IF(WEEKDAY(B17,2)>=6,"休日",IF(D17<>"",IF(K17=1,"平常出勤","平常出勤"),IF(K17=1,"欠勤","祝日"))))) -> 祝日 | I17: =WEEKDAY(B17,2) -> 1 | J17: =IFERROR(VLOOKUP(B17,計算用!A:B,2,FALSE),"") -> 山の日 | K17: =IF(OR(I17=6,I17=7,J17<>""),"",1) | L17: =IF(H17="平常出勤",1,"")
B18: =B17+1 -> 45881 | C18: =VLOOKUP(I18,計算用!E:F,2) -> 火 | D18: =IF(ISBLANK(E18),"",TIME(9,0,0)) | F18: =IF(E18="","",IF(E18>TIME(13,0,0),"1:00",IF(E18<TIME(12,0,0),"0:00",TEXT(E18-TIME(12,0,0),"h:mm")))) | G18: =IF(D18="","",E18-D18-F18) | H18: =IF(B18="","",IF(E18=TIME(16,0,0),"在宅",IF(WEEKDAY(B18,2)>=6,"休日",IF(D18<>"",IF(K18=1,"平常出勤","平常出勤"),IF(K18=1,"欠勤","祝日"))))) -> 欠勤 | I18: =WEEKDAY(B18,2) -> 2 | J18: =IFERROR(VLOOKUP(B18,計算用!A:B,2,FALSE),"") | K18: =IF(OR(I18=6,I18=7,J18<>""),"",1) -> 1 | L18: =IF(H18="平常出勤",1,"")
B19: =B18+1 -> 45882 | C19: =VLOOKUP(I19,計算用!E:F,2) -> 水 | D19: =IF(ISBLANK(E19),"",TIME(9,0,0)) | F19: =IF(E19="","",IF(E19>TIME(13,0,0),"1:00",IF(E19<TIME(12,0,0),"0:00",TEXT(E19-TIME(12,0,0),"h:mm")))) | G19: =IF(D19="","",E19-D19-F19) | H19: =IF(B19="","",IF(E19=TIME(16,0,0),"在宅",IF(WEEKDAY(B19,2)>=6,"休日",IF(D19<>"",IF(K19=1,"平常出勤","平常出勤"),IF(K19=1,"欠勤","祝日"))))) -> 欠勤 | I19: =WEEKDAY(B19,2) -> 3 | J19: =IFERROR(VLOOKUP(B19,計算用!A:B,2,FALSE),"") | K19: =IF(OR(I19=6,I19=7,J19<>""),"",1) -> 1 | L19: =IF(H19="平常出勤",1,"")
B20: =B19+1 -> 45883 | C20: =VLOOKUP(I20,計算用!E:F,2) -> 木 | D20: =IF(ISBLANK(E20),"",TIME(9,0,0)) | F20: =IF(E20="","",IF(E20>TIME(13,0,0),"1:00",IF(E20<TIME(12,0,0),"0:00",TEXT(E20-TIME(12,0,0),"h:mm")))) | G20: =IF(D20="","",E20-D20-F20) | H20: =IF(B20="","",IF(E20=TIME(16,0,0),"在宅",IF(WEEKDAY(B20,2)>=6,"休日",IF(D20<>"",IF(K20=1,"平常出勤","平常出勤"),IF(K20=1,"欠勤","祝日"))))) -> 欠勤 | I20: =WEEKDAY(B20,2) -> 4 | J20: =IFERROR(VLOOKUP(B20,計算用!A:B,2,FALSE),"") | K20: =IF(OR(I20=6,I20=7,J20<>""),"",1) -> 1 | L20: =IF(H20="平常出勤",1,"")
B21: =B20+1 -> 45884 | C21: =VLOOKUP(I21,計算用!E:F,2) -> 金 | D21: =IF(ISBLANK(E21),"",TIME(9,0,0)) | F21: =IF(E21="","",IF(E21>TIME(13,0,0),"1:00",IF(E21<TIME(12,0,0),"0:00",TEXT(E21-TIME(12,0,0),"h:mm")))) | G21: =IF(D21="","",E21-D21-F21) | H21: =IF(B21="","",IF(E21=TIME(16,0,0),"在宅",IF(WEEKDAY(B21,2)>=6,"休日",IF(D21<>"",IF(K21=1,"平常出勤","平常出勤"),IF(K21=1,"欠勤","祝日"))))) -> 欠勤 | I21: =WEEKDAY(B21,2) -> 5 | J21: =IFERROR(VLOOKUP(B21,計算用!A:B,2,FALSE),"") | K21: =IF(OR(I21=6,I21=7,J21<>""),"",1) -> 1 | L21: =IF(H21="平常出勤",1,"")
B22: =B21+1 -> 45885 | C22: =VLOOKUP(I22,計算用!E:F,2) -> 土 | D22: =IF(ISBLANK(E22),"",TIME(9,0,0)) | F22: =IF(E22="","",IF(E22>TIME(13,0,0),"1:00",IF(E22<TIME(12,0,0),"0:00",TEXT(E22-TIME(12,0,0),"h:mm")))) | G22: =IF(D22="","",E22-D22-F22) | H22: =IF(B22="","",IF(E22=TIME(16,0,0),"在宅",IF(WEEKDAY(B22,2)>=6,"休日",IF(D22<>"",IF(K22=1,"平常出勤","平常出勤"),IF(K22=1,"欠勤","祝日"))))) -> 休日 | I22: =WEEKDAY(B22,2) -> 6 | J22: =IFERROR(VLOOKUP(B22,計算用!A:B,2,FALSE),"") | K22: =IF(OR(I22=6,I22=7,J22<>""),"",1) | L22: =IF(H22="平常出勤",1,"")
B23: =B22+1 -> 45886 | C23: =VLOOKUP(I23,計算用!E:F,2) -> 日 | D23: =IF(ISBLANK(E23),"",TIME(9,0,0)) | F23: =IF(E23="","",IF(E23>TIME(13,0,0),"1:00",IF(E23<TIME(12,0,0),"0:00",TEXT(E23-TIME(12,0,0),"h:mm")))) | G23: =IF(D23="","",E23-D23-F23) | H23: =IF(B23="","",IF(E23=TIME(16,0,0),"在宅",IF(WEEKDAY(B23,2)>=6,"休日",IF(D23<>"",IF(K23=1,"平常出勤","平常出勤"),IF(K23=1,"欠勤","祝日"))))) -> 休日 | I23: =WEEKDAY(B23,2) -> 7 | J23: =IFERROR(VLOOKUP(B23,計算用!A:B,2,FALSE),"") | K23: =IF(OR(I23=6,I23=7,J23<>""),"",1) | L23: =IF(H23="平常出勤",1,"")
B24: =B23+1 -> 45887 | C24: =VLOOKUP(I24,計算用!E:F,2) -> 月 | D24: =IF(ISBLANK(E24),"",TIME(9,0,0)) | F24: =IF(E24="","",IF(E24>TIME(13,0,0),"1:00",IF(E24<TIME(12,0,0),"0:00",TEXT(E24-TIME(12,0,0),"h:mm")))) | G24: =IF(D24="","",E24-D24-F24) | H24: =IF(B24="","",IF(E24=TIME(16,0,0),"在宅",IF(WEEKDAY(B24,2)>=6,"休日",IF(D24<>"",IF(K24=1,"平常出勤","平常出勤"),IF(K24=1,"欠勤","祝日"))))) -> 欠勤 | I24: =WEEKDAY(B24,2) -> 1 | J24: =IFERROR(VLOOKUP(B24,計算用!A:B,2,FALSE),"") | K24: =IF(OR(I24=6,I24=7,J24<>""),"",1) -> 1 | L24: =IF(H24="平常出勤",1,"")
B25: =B24+1 -> 45888 | C25: =VLOOKUP(I25,計算用!E:F,2) -> 火 | D25: =IF(ISBLANK(E25),"",TIME(9,0,0)) | F25: =IF(E25="","",IF(E25>TIME(13,0,0),"1:00",IF(E25<TIME(12,0,0),"0:00",TEXT(E25-TIME(12,0,0),"h:mm")))) | G25: =IF(D25="","",E25-D25-F25) | H25: =IF(B25="","",IF(E25=TIME(16,0,0),"在宅",IF(WEEKDAY(B25,2)>=6,"休日",IF(D25<>"",IF(K25=1,"平常出勤","平常出勤"),IF(K25=1,"欠勤","祝日"))))) -> 欠勤 | I25: =WEEKDAY(B25,2) -> 2 | J25: =IFERROR(VLOOKUP(B25,計算用!A:B,2,FALSE),"") | K25: =IF(OR(I25=6,I25=7,J25<>""),"",1) -> 1 | L25: =IF(H25="平常出勤",1,"")
B26: =B25+1 -> 45889 | C26: =VLOOKUP(I26,計算用!E:F,2) -> 水 | D26: =IF(ISBLANK(E26),"",TIME(9,0,0)) | F26: =IF(E26="","",IF(E26>TIME(13,0,0),"1:00",IF(E26<TIME(12,0,0),"0:00",TEXT(E26-TIME(12,0,0),"h:mm")))) | G26: =IF(D26="","",E26-D26-F26) | H26: =IF(B26="","",IF(E26=TIME(16,0,0),"在宅",IF(WEEKDAY(B26,2)>=6,"休日",IF(D26<>"",IF(K26=1,"平常出勤","平常出勤"),IF(K26=1,"欠勤","祝日"))))) -> 欠勤 | I26: =WEEKDAY(B26,2) -> 3 | J26: =IFERROR(VLOOKUP(B26,計算用!A:B,2,FALSE),"") | K26: =IF(OR(I26=6,I26=7,J26<>""),"",1) -> 1 | L26: =IF(H26="平常出勤",1,"")
B27: =B26+1 -> 45890 | C27: =VLOOKUP(I27,計算用!E:F,2) -> 木 | D27: =IF(ISBLANK(E27),"",TIME(9,0,0)) | F27: =IF(E27="","",IF(E27>TIME(13,0,0),"1:00",IF(E27<TIME(12,0,0),"0:00",TEXT(E27-TIME(12,0,0),"h:mm")))) | G27: =IF(D27="","",E27-D27-F27) | H27: =IF(B27="","",IF(E27=TIME(16,0,0),"在宅",IF(WEEKDAY(B27,2)>=6,"休日",IF(D27<>"",IF(K27=1,"平常出勤","平常出勤"),IF(K27=1,"欠勤","祝日"))))) -> 欠勤 | I27: =WEEKDAY(B27,2) -> 4 | J27: =IFERROR(VLOOKUP(B27,計算用!A:B,2,FALSE),"") | K27: =IF(OR(I27=6,I27=7,J27<>""),"",1) -> 1 | L27: =IF(H27="平常出勤",1,"")
... B34: =B33+1 -> 45897 | C34: =VLOOKUP(I34,計算用!E:F,2) -> 木 | D34: =IF(ISBLANK(E34),"",TIME(9,0,0)) | F34: =IF(E34="","",IF(E34>TIME(13,0,0),"1:00",IF(E34<TIME(12,0,0),"0:00",TEXT(E34-TIME(12,0,0),"h:mm")))) | G34: =IF(D34="","",E34-D34-F34) | H34: =IF(B34="","",IF(E34=TIME(16,0,0),"在宅",IF(WEEKDAY(B34,2)>=6,"休日",IF(D34<>"",IF(K34=1,"平常出勤","平常出勤"),IF(K34=1,"欠勤","祝日"))))) -> 欠勤 | I34: =WEEKDAY(B34,2) -> 4 | J34: =IFERROR(VLOOKUP(B34,計算用!A:B,2,FALSE),"") | K34: =IF(OR(I34=6,I34=7,J34<>""),"",1) -> 1 | L34: =IF(H34="平常出勤",1,"")
B35: =IF(MONTH(B34+1)<>MONTH(B34),"",B34+1) -> 45898 | C35: =IF(B35<>"",VLOOKUP(I35,計算用!E:F,2),"") -> 金 | D35: =IF(ISBLANK(E35),"",TIME(9,0,0)) | F35: =IF(E35="","",IF(E35>TIME(13,0,0),"1:00",IF(E35<TIME(12,0,0),"0:00",TEXT(E35-TIME(12,0,0),"h:mm")))) | G35: =IF(D35="","",E35-D35-F35) | H35: =IF(B35="","",IF(E35=TIME(16,0,0),"在宅",IF(WEEKDAY(B35,2)>=6,"休日",IF(D35<>"",IF(K35=1,"平常出勤","平常出勤"),IF(K35=1,"欠勤","祝日"))))) -> 欠勤 | I35: =IF(B35<>"",WEEKDAY(B35,2),"") -> 5 | J35: =IFERROR(VLOOKUP(B35,計算用!A:B,2,FALSE),"") | K35: =IF(B35<>"",IF(OR(I35=6,I35=7,J35<>""),"",1),"") -> 1 | L35: =IF(H35="平常出勤",1,"")
B36: =IF(MONTH(B34+2)<>MONTH(B34),"",B34+2) -> 45899 | C36: =IF(B36<>"",VLOOKUP(I36,計算用!E:F,2),"") -> 土 | D36: =IF(ISBLANK(E36),"",TIME(9,0,0)) | F36: =IF(E36="","",IF(E36>TIME(13,0,0),"1:00",IF(E36<TIME(12,0,0),"0:00",TEXT(E36-TIME(12,0,0),"h:mm")))) | G36: =IF(D36="","",E36-D36-F36) | H36: =IF(B36="","",IF(E36=TIME(16,0,0),"在宅",IF(WEEKDAY(B36,2)>=6,"休日",IF(D36<>"",IF(K36=1,"平常出勤","平常出勤"),IF(K36=1,"欠勤","祝日"))))) -> 休日 | I36: =IF(B36<>"",WEEKDAY(B36,2),"") -> 6 | J36: =IFERROR(VLOOKUP(B36,計算用!A:B,2,FALSE),"") | K36: =IF(B36<>"",IF(OR(I36=6,I36=7,J36<>""),"",1),"") | L36: =IF(H36="平常出勤",1,"")
B37: =IF(MONTH(B34+3)<>MONTH(B34),"",B34+3) -> 45900 | C37: =IF(B37<>"",VLOOKUP(I37,計算用!E:F,2),"") -> 日 | D37: =IF(ISBLANK(E37),"",TIME(9,0,0)) | F37: =IF(E37="","",IF(E37>TIME(13,0,0),"1:00",IF(E37<TIME(12,0,0),"0:00",TEXT(E37-TIME(12,0,0),"h:mm")))) | G37: =IF(D37="","",E37-D37-F37) | H37: =IF(B37="","",IF(E37=TIME(16,0,0),"在宅",IF(WEEKDAY(B37,2)>=6,"休日",IF(D37<>"",IF(K37=1,"平常出勤","平常出勤"),IF(K37=1,"欠勤","祝日"))))) -> 休日 | I37: =IF(B37<>"",WEEKDAY(B37,2),"") -> 7 | J37: =IFERROR(VLOOKUP(B37,計算用!A:B,2,FALSE),"") | K37: =IF(B37<>"",IF(OR(I37=6,I37=7,J37<>""),"",1),"") | L37: =IF(H37="平常出勤",1,"")
G38: =SUM(G7:G37) -> 0 | H38: =(DAY(G38)*24+HOUR(G38))+MINUTE(G38)/60 -> 0
B39: 基準出勤日数 | D39: =SUM(K7:K37) -> 20 | E39: 日 | H39: ↑時刻から変換された数値
B40: 基準稼働時間 | D40: =D39*7.5 -> 150 | E40: H | H40: 責任者 印
B41: 出勤日数 | D41: =SUM(L7:L37) -> 0 | E41: 日
B42: 休日出勤日数 | E42: 日
B43: 休暇(有給)日数 | E43: 日
B44: 基準外時間 | D44: =H38-D40 -> -150 | E44: H

Sheet 記入例
B1: 作業報告書
B2: 42736
G3: 会社名 | H3: 日本立友ソフト株式会社
G4: 氏 名
D5: 時間は、コロン（:）を使用してご記入ください。
B6: 年月日 | C6: 曜 | D6: 開始時間 | E6: 終了時間 | F6: 休憩時間 | G6: 実働時間 | H6: 備考
B7: =B2 -> 42736 | C7: =VLOOKUP(I7,計算用!E:F,2) -> 日 | G7: =IF(ISBLANK(D7),"",E7-D7-F7) | H7: =IF(J7<>"","祝日","") | I7: =WEEKDAY(B7,2) -> 7 | J7: =IFERROR(VLOOKUP(B7,計算用!A:B,2,FALSE),"") | K7: =IF(OR(I7=6,I7=7,J7<>""),"",1)
B8: =B7+1 -> 42737 | C8: =VLOOKUP(I8,計算用!E:F,2) -> 月 | G8: =IF(ISBLANK(D8),"",E8-D8-F8) | H8: =IF(J8<>"","祝日","") | I8: =WEEKDAY(B8,2) -> 1 | J8: =IFERROR(VLOOKUP(B8,計算用!A:B,2,FALSE),"") | K8: =IF(OR(I8=6,I8=7,J8<>""),"",1) -> 1
B9: =B8+1 -> 42738 | C9: =VLOOKUP(I9,計算用!E:F,2) -> 火 | D9: 0.375 | E9: 0.75 | F9: 0.041666667 | G9: =IF(ISBLANK(D9),"",E9-D9-F9) -> 0.33333333 | H9: =IF(J9<>"","祝日","") | I9: =WEEKDAY(B9,2) -> 2 | J9: =IFERROR(VLOOKUP(B9,計算用!A:B,2,FALSE),"") | K9: =IF(OR(I9=6,I9=7,J9<>""),"",1) -> 1
B10: =B9+1 -> 42739 | C10: =VLOOKUP(I10,計算用!E:F,2) -> 水 | G10: =IF(ISBLANK(D10),"",E10-D10-F10) | H10: =IF(J10<>"","祝日","") | I10: =WEEKDAY(B10,2) -> 3 | J10: =IFERROR(VLOOKUP(B10,計算用!A:B,2,FALSE),"") | K10: =IF(OR(I10=6,I10=7,J10<>""),"",1) -> 1
B11: =B10+1 -> 42740 | C11: =VLOOKUP(I11,計算用!E:F,2) -> 木 | G11: =IF(ISBLANK(D11),"",E11-D11-F11) | H11: =IF(J11<>"","祝日","") | I11: =WEEKDAY(B11,2) -> 4 | J11: =IFERROR(VLOOKUP(B11,計算用!A:B,2,FALSE),"") | K11: =IF(OR(I11=6,I11=7,J11<>""),"",1) -> 1
B12: =B11+1 -> 42741 | C12: =VLOOKUP(I12,計算用!E:F,2) -> 金 | G12: =IF(ISBLANK(D12),"",E12-D12-F12) | H12: =IF(J12<>"","祝日","") | I12: =WEEKDAY(B12,2) -> 5 | J12: =IFERROR(VLOOKUP(B12,計算用!A:B,2,FALSE),"") | K12: =IF(OR(I12=6,I12=7,J12<>""),"",1) -> 1
B13: =B12+1 -> 42742 | C13: =VLOOKUP(I13,計算用!E:F,2) -> 土 | G13: =IF(ISBLANK(D13),"",E13-D13-F13) | H13: =IF(J13<>"","祝日","") | I13: =WEEKDAY(B13,2) -> 6 | J13: =IFERROR(VLOOKUP(B13,計算用!A:B,2,FALSE),"") | K13: =IF(OR(I13=6,I13=7,J13<>""),"",1)
B14: =B13+1 -> 42743 | C14: =VLOOKUP(I14,計算用!E:F,2) -> 日 | G14: =IF(ISBLANK(D14),"",E14-D14-F14) | H14: =IF(J14<>"","祝日","") | I14: =WEEKDAY(B14,2) -> 7 | J14: =IFERROR(VLOOKUP(B14,計算用!A:B,2,FALSE),"") | K14: =IF(OR(I14=6,I14=7,J14<>""),"",1)
B15: =B14+1 -> 42744 | C15: =VLOOKUP(I15,計算用!E:F,2) -> 月 | G15: =IF(ISBLANK(D15),"",E15-D15-F15) | H15: =IF(J15<>"","祝日","") | I15: =WEEKDAY(B15,2) -> 1 | J15: =IFERROR(VLOOKUP(B15,計算用!A:B,2,FALSE),"") | K15: =IF(OR(I15=6,I15=7,J15<>""),"",1) -> 1
B16: =B15+1 -> 42745 | C16: =VLOOKUP(I16,計算用!E:F,2) -> 火 | G16: =IF(ISBLANK(D16),"",E16-D16-F16) | H16: =IF(J16<>"","祝日","") | I16: =WEEKDAY(B16,2) -> 2 | J16: =IFERROR(VLOOKUP(B16,計算用!A:B,2,FALSE),"") | K16: =IF(OR(I16=6,I16=7,J16<>""),"",1) -> 1
B17: =B16+1 -> 42746 | C17: =VLOOKUP(I17,計算用!E:F,2) -> 水 | G17: =IF(ISBLANK(D17),"",E17-D17-F17) | H17: =IF(J17<>"","祝日","") | I17: =WEEKDAY(B17,2) -> 3 | J17: =IFERROR(VLOOKUP(B17,計算用!A:B,2,FALSE),"") | K17: =IF(OR(I17=6,I17=7,J17<>""),"",1) -> 1
B18: =B17+1 -> 42747 | C18: =VLOOKUP(I18,計算用!E:F,2) -> 木 | G18: =IF(ISBLANK(D18),"",E18-D18-F18) | H18: =IF(J18<>"","祝日","") | I18: =WEEKDAY(B18,2) -> 4 | J18: =IFERROR(VLOOKUP(B18,計算用!A:B,2,FALSE),"") | K18: =IF(OR(I18=6,I18=7,J18<>""),"",1) -> 1
B19: =B18+1 -> 42748 | C19: =VLOOKUP(I19,計算用!E:F,2) -> 金 | G19: =IF(ISBLANK(D19),"",E19-D19-F19) | H19: =IF(J19<>"","祝日","") | I19: =WEEKDAY(B19,2) -> 5 | J19: =IFERROR(VLOOKUP(B19,計算用!A:B,2,FALSE),"") | K19: =IF(OR(I19=6,I19=7,J19<>""),"",1) -> 1
B20: =B19+1 -> 42749 | C20: =VLOOKUP(I20,計算用!E:F,2) -> 土 | G20: =IF(ISBLANK(D20),"",E20-D20-F20) | H20: =IF(J20<>"","祝日","") | I20: =WEEKDAY(B20,2) -> 6 | J20: =IFERROR(VLOOKUP(B20,計算用!A:B,2,FALSE),"") | K20: =IF(OR(I20=6,I20=7,J20<>""),"",1)
B21: =B20+1 -> 42750 | C21: =VLOOKUP(I21,計算用!E:F,2) -> 日 | G21: =IF(ISBLANK(D21),"",E21-D21-F21) | H21: =IF(J21<>"","祝日","") | I21: =WEEKDAY(B21,2) -> 7 | J21: =IFERROR(VLOOKUP(B21,計算用!A:B,2,FALSE),"") | K21: =IF(OR(I21=6,I21=7,J21<>""),"",1)
... B34: =B33+1 -> 42763 | C34: =VLOOKUP(I34,計算用!E:F,2) -> 土 | G34: =IF(ISBLANK(D34),"",E34-D34-F34) | H34: =IF(J34<>"","祝日","") | I34: =WEEKDAY(B34,2) -> 6 | J34: =IFERROR(VLOOKUP(B34,計算用!A:B,2,FALSE),"") | K34: =IF(OR(I34=6,I34=7,J34<>""),"",1)
B35: =IF(MONTH(B34+1)<>MONTH(B34),"",B34+1) -> 42764 | C35: =IF(B35<>"",VLOOKUP(I35,計算用!E:F,2),"") -> 日 | G35: =IF(ISBLANK(D35),"",E35-D35-F35) | H35: =IF(J35<>"","祝日","") | I35: =IF(B35<>"",WEEKDAY(B35,2),"") -> 7 | J35: =IFERROR(VLOOKUP(B35,計算用!A:B,2,FALSE),"") | K35: =IF(B35<>"",IF(OR(I35=6,I35=7,J35<>""),"",1),"")
B36: =IF(MONTH(B34+2)<>MONTH(B34),"",B34+2) -> 42765 | C36: =IF(B36<>"",VLOOKUP(I36,計算用!E:F,2),"") -> 月 | G36: =IF(ISBLANK(D36),"",E36-D36-F36) | H36: =IF(J36<>"","祝日","") | I36: =IF(B36<>"",WEEKDAY(B36,2),"") -> 1 | J36: =IFERROR(VLOOKUP(B36,計算用!A:B,2,FALSE),"") | K36: =IF(B36<>"",IF(OR(I36=6,I36=7,J36<>""),"",1),"") -> 1
B37: =IF(MONTH(B34+3)<>MONTH(B34),"",B34+3) -> 42766 | C37: =IF(B37<>"",VLOOKUP(I37,計算用!E:F,2),"") -> 火 | G37: =IF(ISBLANK(D37),"",E37-D37-F37) | H37: =IF(J37<>"","祝日","") | I37: =IF(B37<>"",WEEKDAY(B37,2),"") -> 2 | J37: =IFERROR(VLOOKUP(B37,計算用!A:B,2,FALSE),"") | K37: =IF(B37<>"",IF(OR(I37=6,I37=7,J37<>""),"",1),"") -> 1
G38: =SUM(G7:G37) -> 0.33333333 | H38: =(DAY(G38)*24+HOUR(G38))+MINUTE(G38)/60 -> 8
B39: 基準出勤日数 | D39: =SUM(K7:K37) -> 22 | E39: 日 | H39: ↑時刻から変換された数値
B40: 基準稼働時間 | D40: =D39*8 -> 176 | E40: H | H40: 責任者 印
B41: 出勤日数 | E41: 日
B42: 休日出勤日数 | E42: 日
B43: 休暇(有給)日数 | E43: 日
B44: 基準外時間 | D44: =H38-D40 -> -168 | E44: H

Sheet 計算用
A1: 45658 | B1: 元日 | E1: 1 | F1: 月
A2: 45670 | B2: 成人の日 | E2: 2 | F2: 火
A3: 45699 | B3: 建国記念の日 | E3: 3 | F3: 水
A4: 45736 | B4: 春分の日 | E4: 4 | F4: 木
A5: 45776 | B5: 昭和の日 | E5: 5 | F5: 金
A6: 45780 | B6: 憲法記念日 | E6: 6 | F6: 土
A7: 45781 | B7: みどりの日 | E7: 7 | F7: 日
A8: 45782 | B8: こどもの日
A9: 45783 | B9: 振替休日
A10: 45859 | B10: 海の日
A11: 45880 | B11: 山の日
A12: 45915 | B12: 敬老の日
A13: 45923 | B13: 秋分の日
A14: 45943 | B14: 体育の日
A15: 45964 | B15: 文化の日
A16: 45984 | B16: 勤労感謝の日
A17: 45985 | B17: 振替休日
